TI,signal
0.1,0.53767
0.11637,0.59617
0.13543,0.54877
0.15761,0.52442
0.18341,0.56763
0.21345,0.34138
0.2484,0.41648
0.28907,0.32949
0.3364,0.22014
0.39149,0.14375
0.45559,0.027602
0.53019,0.061184
0.61701,0.183
0.71804,0.09984
0.83561,0.21993
0.97244,0.30942
1.1317,0.33423
1.317,0.4384
1.5326,0.50116
1.7836,0.64844
2.0756,0.62919
2.4155,0.67531
2.811,0.73189
3.2713,0.76257
3.807,0.565
4.4303,0.65859
5.1558,0.77026
6,0.82366
