TI,signal
0.1,0.53981
0.11637,0.60638
0.13543,0.53888
0.15761,0.5297
0.18341,0.52202
0.21345,0.48068
0.2484,0.40108
0.28907,0.33599
0.3364,0.34378
0.39149,0.30713
0.45559,0.15695
0.53019,0.18141
0.61701,0.043941
0.71804,0.041224
0.83561,0.3147
0.97244,0.30422
1.1317,0.31646
1.317,0.44932
1.5326,0.50146
1.7836,0.56837
2.0756,0.66813
2.4155,0.69263
2.811,0.66067
3.2713,0.70046
3.807,0.78678
4.4303,0.87337
5.1558,0.83009
6,0.73839
