TI,signal
0.1,0.7042
0.11637,0.48014
0.13543,0.46611
0.15761,0.55739
0.18341,0.57899
0.21345,0.43763
0.2484,0.3918
0.28907,0.38763
0.3364,0.29682
0.39149,0.17154
0.45559,0.10454
0.53019,0.072275
0.61701,0.072366
0.71804,0.044361
0.83561,0.21521
0.97244,0.32665
1.1317,0.40456
1.317,0.52573
1.5326,0.50811
1.7836,0.61773
2.0756,0.60788
2.4155,0.83832
2.811,0.74389
3.2713,0.71492
3.807,0.72339
4.4303,0.80404
5.1558,0.7148
6,0.75942
