TI,signal
0.1,0.66343
0.11637,0.49302
0.13543,0.48586
0.15761,0.57281
0.18341,0.52023
0.21345,0.34161
0.2484,0.28388
0.28907,0.37745
0.3364,0.23875
0.39149,0.12455
0.45559,0.12485
0.53019,0.10741
0.61701,0.11556
0.71804,0.014179
0.83561,0.28177
0.97244,0.29617
1.1317,0.33716
1.317,0.4675
1.5326,0.55279
1.7836,0.56642
2.0756,0.69405
2.4155,0.68825
2.811,0.77869
3.2713,0.80139
3.807,0.76349
4.4303,0.86366
5.1558,0.79559
6,0.73177
