TI,signal
0.1,0.59119
0.11637,0.50467
0.13543,0.58011
0.15761,0.51058
0.18341,0.46212
0.21345,0.50143
0.2484,0.35171
0.28907,0.2535
0.3364,0.2774
0.39149,0.36942
0.45559,0.15283
0.53019,0.034332
0.61701,0.049162
0.71804,0.13574
0.83561,0.29238
0.97244,0.25863
1.1317,0.40883
1.317,0.44778
1.5326,0.57323
1.7836,0.60077
2.0756,0.65938
2.4155,0.7688
2.811,0.72016
3.2713,0.66374
3.807,0.85467
4.4303,0.7873
5.1558,0.79592
6,0.80265
