TI,signal
0.1,0.54797
0.11637,0.6135
0.13543,0.54646
0.15761,0.46005
0.18341,0.51043
0.21345,0.48123
0.2484,0.454
0.28907,0.21753
0.3364,0.21741
0.39149,0.2045
0.45559,0.10107
0.53019,0.12059
0.61701,0.031023
0.71804,0.12977
0.83561,0.21296
0.97244,0.25848
1.1317,0.41242
1.317,0.41438
1.5326,0.50661
1.7836,0.62094
2.0756,0.60924
2.4155,0.62936
2.811,0.69536
3.2713,0.71417
3.807,0.73963
4.4303,0.77951
5.1558,0.72385
6,0.81313
