TI,signal
0.1,0.56395
0.11637,0.50397
0.13543,0.54877
0.15761,0.55739
0.18341,0.37009
0.21345,0.45451
0.2484,0.454
0.28907,0.37745
0.3364,0.2774
0.39149,0.30713
0.45559,0.13816
0.53019,0.064846
0.61701,0.183
0.71804,0.044361
0.83561,0.20222
0.97244,0.25505
1.1317,0.41242
1.317,0.4675
1.5326,0.57323
1.7836,0.56837
2.0756,0.67061
2.4155,0.61217
2.811,0.73189
3.2713,0.71492
3.807,0.6799
4.4303,0.89421
5.1558,0.72385
6,0.73177
